"","student_id","sex","program","cgpa","coding_exp"
"1","1","Male","Statistics Major","A (3.4 to 4.0)","Yes"
"2","2","Male","Statistics Minor","C (1.4 to 2.3)","Yes"
"3","3","Female","Statistics Major","C (1.4 to 2.3)","Yes"
"4","4","Female","Statistics Theory and Methods Specialist","C (1.4 to 2.3)","Yes"
"5","5","Female","Statistics Major","C (1.4 to 2.3)","Yes"
"6","6","Female","Statistics Major","D (0.7 to 1.3)","Yes"
"7","7","Male","Statistics Major","C (1.4 to 2.3)","Yes"
"8","8","Female","Statistics Major","D (0.7 to 1.3)","Yes"
"9","9","Female","Actuarial Science Major","D (0.7 to 1.3)","No"
"10","10","Female","Statistics Minor","A (3.4 to 4.0)","Yes"
"11","11","Male","Statistics Minor","D (0.7 to 1.3)","Yes"
"12","12","Male","Data Science Specialist","D (0.7 to 1.3)","Yes"
"13","13","Female","Statistics Minor","D (0.7 to 1.3)","Yes"
"14","14","Male","Statistics Major","B (2.4 to 3.3)","Yes"
"15","15","Female","Statistics Major","C (1.4 to 2.3)","No"
"16","16","Male","Statistics Minor","D (0.7 to 1.3)","Yes"
"17","17","Female","Statistics Major","A (3.4 to 4.0)","Yes"
"18","18","Male","Actuarial Science Major","D (0.7 to 1.3)","Yes"
"19","19","Female","Statistics Minor","A (3.4 to 4.0)","Yes"
"20","20","Female","Statistics Minor","B (2.4 to 3.3)","Yes"
"21","21","Female","Statistics Minor","B (2.4 to 3.3)","Yes"
"22","22","Male","Statistics Minor","B (2.4 to 3.3)","Yes"
"23","23","Female","Actuarial Science Major","B (2.4 to 3.3)","Yes"
"24","24","Female","Statistics Major","C (1.4 to 2.3)","Yes"
"25","25","Male","Statistics Major","C (1.4 to 2.3)","Yes"
"26","26","Male","Statistics Major","A (3.4 to 4.0)","Yes"
"27","27","Female","Statistics Major","C (1.4 to 2.3)","Yes"
"28","28","Male","Statistics Minor","C (1.4 to 2.3)","No"
"29","29","Female","Statistics Minor","F (0.0 to 0.6)","Yes"
"30","30","Female","Statistics Major","A (3.4 to 4.0)","Yes"
"31","31","Male","Statistics Minor","D (0.7 to 1.3)","Yes"
"32","32","Male","Statistics Major","D (0.7 to 1.3)","Yes"
"33","33","Female","Applied Statistics Specialist","D (0.7 to 1.3)","Yes"
"34","34","Female","Statistics Major","C (1.4 to 2.3)","Yes"
"35","35","Female","Statistics Major","A (3.4 to 4.0)","No"
"36","36","Female","Statistics Major","B (2.4 to 3.3)","Yes"
"37","37","Female","Statistics Methods and Practice Specialist","B (2.4 to 3.3)","Yes"
"38","38","Male","Statistics Major","B (2.4 to 3.3)","Yes"
"39","39","Male","Statistics Minor","D (0.7 to 1.3)","Yes"
"40","40","Female","Statistics Theory and Methods Specialist","D (0.7 to 1.3)","Yes"
"41","41","Male","Statistics Major","C (1.4 to 2.3)","Yes"
"42","42","Male","Actuarial Science Major","D (0.7 to 1.3)","Yes"
"43","43","Female","Statistics Major","B (2.4 to 3.3)","No"
"44","44","Female","Data Science Specialist","B (2.4 to 3.3)","No"
"45","45","Female","Actuarial Science Major","C (1.4 to 2.3)","Yes"
"46","46","Male","Statistics Minor","C (1.4 to 2.3)","Yes"
"47","47","Female","Statistics Major","C (1.4 to 2.3)","No"
"48","48","Male","Statistics Minor","B (2.4 to 3.3)","Yes"
"49","49","Female","Statistics Major","D (0.7 to 1.3)","Yes"
"50","50","Male","Statistics Minor","D (0.7 to 1.3)","Yes"
"51","51","Female","Data Science Specialist","B (2.4 to 3.3)","Yes"
"52","52","Male","Statistics Major","C (1.4 to 2.3)","Yes"
"53","53","Female","Actuarial Science Major","A (3.4 to 4.0)","Yes"
"54","54","Female","Statistics Methods and Practice Specialist","C (1.4 to 2.3)","Yes"
"55","55","Female","Actuarial Science Specialist","B (2.4 to 3.3)","Yes"
"56","56","Male","Statistics Methods and Practice Specialist","D (0.7 to 1.3)","No"
"57","57","Male","Statistics Major","C (1.4 to 2.3)","Yes"
"58","58","Female","Statistics Major","C (1.4 to 2.3)","No"
"59","59","Male","Actuarial Science Major","C (1.4 to 2.3)","No"
"60","60","Male","Statistics Minor","C (1.4 to 2.3)","Yes"
"61","61","Male","Statistics Minor","B (2.4 to 3.3)","Yes"
"62","62","Female","Statistics Major","C (1.4 to 2.3)","Yes"
"63","63","Female","Statistics Methods and Practice Specialist","C (1.4 to 2.3)","Yes"
"64","64","Male","Statistics Major","B (2.4 to 3.3)","Yes"
"65","65","Male","Statistics Minor","C (1.4 to 2.3)","No"
"66","66","Female","Statistics Major","D (0.7 to 1.3)","Yes"
"67","67","Male","Statistics Major","B (2.4 to 3.3)","Yes"
"68","68","Female","Statistics Theory and Methods Specialist","D (0.7 to 1.3)","Yes"
"69","69","Male","Statistics Major","D (0.7 to 1.3)","Yes"
"70","70","Female","Statistics Major","B (2.4 to 3.3)","Yes"
"71","71","Male","Data Science Specialist","D (0.7 to 1.3)","Yes"
"72","72","Female","Actuarial Science Specialist","D (0.7 to 1.3)","No"
"73","73","Male","Statistics Minor","B (2.4 to 3.3)","Yes"
"74","74","Male","Statistics Methods and Practice Specialist","A (3.4 to 4.0)","Yes"
"75","75","Male","Statistics Methods and Practice Specialist","D (0.7 to 1.3)","Yes"
"76","76","Male","Statistics Theory and Methods Specialist","C (1.4 to 2.3)","Yes"
"77","77","Male","Statistics Major","B (2.4 to 3.3)","Yes"
"78","78","Male","Actuarial Science Specialist","C (1.4 to 2.3)","Yes"
"79","79","Male","Statistics Major","C (1.4 to 2.3)","Yes"
"80","80","Female","Statistics Minor","D (0.7 to 1.3)","Yes"
"81","81","Female","Statistics Major","C (1.4 to 2.3)","No"
"82","82","Female","Actuarial Science Major","B (2.4 to 3.3)","Yes"
"83","83","Male","Actuarial Science Major","C (1.4 to 2.3)","Yes"
"84","84","Male","Statistics Major","B (2.4 to 3.3)","Yes"
"85","85","Female","Statistics Minor","B (2.4 to 3.3)","Yes"
"86","86","Male","Actuarial Science Specialist","B (2.4 to 3.3)","Yes"
"87","87","Male","Statistics Minor","C (1.4 to 2.3)","Yes"
"88","88","Female","Applied Statistics Specialist","B (2.4 to 3.3)","Yes"
"89","89","Male","Statistics Major","A (3.4 to 4.0)","Yes"
"90","90","Female","Statistics Major","B (2.4 to 3.3)","Yes"
"91","91","Female","Statistics Major","C (1.4 to 2.3)","Yes"
"92","92","Female","Statistics Major","C (1.4 to 2.3)","Yes"
"93","93","Female","Statistics Minor","D (0.7 to 1.3)","Yes"
"94","94","Male","Statistics Minor","B (2.4 to 3.3)","Yes"
"95","95","Female","Applied Statistics Specialist","B (2.4 to 3.3)","Yes"
"96","96","Male","Statistics Methods and Practice Specialist","B (2.4 to 3.3)","Yes"
"97","97","Male","Statistics Minor","C (1.4 to 2.3)","Yes"
"98","98","Female","Statistics Major","C (1.4 to 2.3)","Yes"
"99","99","Female","Statistics Minor","C (1.4 to 2.3)","No"
"100","100","Male","Statistics Major","B (2.4 to 3.3)","Yes"
"101","101","Male","Actuarial Science Major","D (0.7 to 1.3)","Yes"
"102","102","Female","Statistics Major","B (2.4 to 3.3)","Yes"
"103","103","Male","Statistics Major","B (2.4 to 3.3)","Yes"
"104","104","Female","Statistics Major","C (1.4 to 2.3)","Yes"
"105","105","Male","Statistics Major","B (2.4 to 3.3)","Yes"
"106","106","Female","Statistics Major","C (1.4 to 2.3)","Yes"
"107","107","Male","Statistics Major","B (2.4 to 3.3)","Yes"
"108","108","Female","Data Science Specialist","B (2.4 to 3.3)","Yes"
"109","109","Female","Statistics Theory and Methods Specialist","A (3.4 to 4.0)","Yes"
"110","110","Female","Statistics Theory and Methods Specialist","D (0.7 to 1.3)","Yes"
"111","111","Female","Statistics Major","B (2.4 to 3.3)","Yes"
"112","112","Female","Statistics Major","C (1.4 to 2.3)","Yes"
"113","113","Female","Statistics Theory and Methods Specialist","D (0.7 to 1.3)","Yes"
"114","114","Male","Statistics Major","C (1.4 to 2.3)","No"
"115","115","Male","Statistics Minor","C (1.4 to 2.3)","Yes"
"116","116","Female","Statistics Major","B (2.4 to 3.3)","Yes"
"117","117","Female","Statistics Minor","A (3.4 to 4.0)","Yes"
"118","118","Male","Statistics Major","D (0.7 to 1.3)","Yes"
"119","119","Male","Statistics Major","C (1.4 to 2.3)","No"
"120","120","Female","Statistics Minor","B (2.4 to 3.3)","Yes"
"121","121","Male","Statistics Minor","B (2.4 to 3.3)","Yes"
"122","122","Female","Statistics Major","D (0.7 to 1.3)","Yes"
"123","123","Female","Statistics Theory and Methods Specialist","B (2.4 to 3.3)","Yes"
"124","124","Female","Statistics Major","B (2.4 to 3.3)","Yes"
"125","125","Male","Applied Statistics Specialist","D (0.7 to 1.3)","Yes"
"126","126","Female","Actuarial Science Major","A (3.4 to 4.0)","Yes"
"127","127","Male","Statistics Major","C (1.4 to 2.3)","Yes"
"128","128","Female","Statistics Major","A (3.4 to 4.0)","Yes"
"129","129","Female","Statistics Major","C (1.4 to 2.3)","No"
"130","130","Female","Statistics Major","C (1.4 to 2.3)","Yes"
"131","131","Male","Statistics Methods and Practice Specialist","C (1.4 to 2.3)","Yes"
"132","132","Male","Statistics Minor","D (0.7 to 1.3)","Yes"
"133","133","Male","Statistics Major","B (2.4 to 3.3)","Yes"
"134","134","Female","Statistics Major","A (3.4 to 4.0)","Yes"
"135","135","Male","Actuarial Science Major","C (1.4 to 2.3)","Yes"
"136","136","Female","Statistics Major","A (3.4 to 4.0)","No"
"137","137","Female","Statistics Minor","B (2.4 to 3.3)","Yes"
"138","138","Female","Actuarial Science Major","C (1.4 to 2.3)","No"
"139","139","Female","Actuarial Science Major","D (0.7 to 1.3)","Yes"
"140","140","Male","Statistics Minor","B (2.4 to 3.3)","No"
"141","141","Male","Statistics Major","C (1.4 to 2.3)","Yes"
"142","142","Female","Statistics Theory and Methods Specialist","D (0.7 to 1.3)","Yes"
"143","143","Female","Statistics Major","C (1.4 to 2.3)","Yes"
"144","144","Female","Data Science Specialist","A (3.4 to 4.0)","Yes"
"145","145","Female","Statistics Major","D (0.7 to 1.3)","Yes"
"146","146","Female","Statistics Minor","B (2.4 to 3.3)","Yes"
"147","147","Male","Actuarial Science Major","D (0.7 to 1.3)","Yes"
"148","148","Male","Statistics Theory and Methods Specialist","C (1.4 to 2.3)","Yes"
"149","149","Female","Statistics Major","B (2.4 to 3.3)","No"
"150","150","Female","Statistics Theory and Methods Specialist","D (0.7 to 1.3)","Yes"
"151","151","Female","Statistics Major","C (1.4 to 2.3)","Yes"
"152","152","Female","Statistics Major","A (3.4 to 4.0)","Yes"
"153","153","Male","Statistics Minor","B (2.4 to 3.3)","Yes"
"154","154","Female","Statistics Major","C (1.4 to 2.3)","No"
"155","155","Male","Actuarial Science Specialist","B (2.4 to 3.3)","Yes"
"156","156","Male","Statistics Minor","D (0.7 to 1.3)","Yes"
"157","157","Male","Statistics Minor","D (0.7 to 1.3)","Yes"
"158","158","Male","Statistics Major","B (2.4 to 3.3)","Yes"
"159","159","Female","Statistics Minor","A (3.4 to 4.0)","Yes"
"160","160","Male","Statistics Minor","D (0.7 to 1.3)","Yes"
"161","161","Male","Statistics Major","C (1.4 to 2.3)","Yes"
"162","162","Male","Statistics Major","C (1.4 to 2.3)","No"
"163","163","Male","Statistics Major","C (1.4 to 2.3)","Yes"
"164","164","Male","Actuarial Science Major","D (0.7 to 1.3)","Yes"
"165","165","Male","Statistics Minor","D (0.7 to 1.3)","Yes"
"166","166","Female","Data Science Specialist","D (0.7 to 1.3)","Yes"
"167","167","Female","Statistics Major","C (1.4 to 2.3)","Yes"
"168","168","Male","Statistics Methods and Practice Specialist","C (1.4 to 2.3)","Yes"
"169","169","Female","Statistics Major","B (2.4 to 3.3)","Yes"
"170","170","Female","Statistics Theory and Methods Specialist","B (2.4 to 3.3)","Yes"
"171","171","Male","Statistics Major","C (1.4 to 2.3)","Yes"
"172","172","Female","Data Science Specialist","F (0.0 to 0.6)","Yes"
"173","173","Male","Statistics Theory and Methods Specialist","D (0.7 to 1.3)","Yes"
"174","174","Male","Statistics Minor","B (2.4 to 3.3)","Yes"
"175","175","Male","Statistics Major","A (3.4 to 4.0)","No"
"176","176","Male","Statistics Major","A (3.4 to 4.0)","Yes"
"177","177","Male","Statistics Major","C (1.4 to 2.3)","No"
"178","178","Male","Statistics Theory and Methods Specialist","C (1.4 to 2.3)","Yes"
"179","179","Male","Actuarial Science Major","C (1.4 to 2.3)","Yes"
"180","180","Female","Statistics Major","C (1.4 to 2.3)","Yes"
"181","181","Female","Statistics Theory and Methods Specialist","D (0.7 to 1.3)","No"
"182","182","Male","Statistics Major","D (0.7 to 1.3)","Yes"
"183","183","Female","Statistics Major","A (3.4 to 4.0)","Yes"
"184","184","Male","Statistics Minor","C (1.4 to 2.3)","Yes"
"185","185","Female","Statistics Major","A (3.4 to 4.0)","Yes"
"186","186","Male","Statistics Minor","C (1.4 to 2.3)","Yes"
"187","187","Female","Statistics Major","B (2.4 to 3.3)","No"
"188","188","Female","Data Science Specialist","D (0.7 to 1.3)","Yes"
"189","189","Female","Statistics Theory and Methods Specialist","B (2.4 to 3.3)","Yes"
"190","190","Female","Actuarial Science Major","B (2.4 to 3.3)","Yes"
"191","191","Male","Statistics Theory and Methods Specialist","D (0.7 to 1.3)","Yes"
"192","192","Male","Statistics Minor","B (2.4 to 3.3)","No"
"193","193","Female","Statistics Major","C (1.4 to 2.3)","Yes"
"194","194","Male","Statistics Minor","C (1.4 to 2.3)","Yes"
"195","195","Male","Statistics Minor","C (1.4 to 2.3)","Yes"
"196","196","Male","Statistics Major","C (1.4 to 2.3)","Yes"
"197","197","Female","Statistics Major","B (2.4 to 3.3)","Yes"
"198","198","Female","Data Science Specialist","D (0.7 to 1.3)","No"
"199","199","Male","Statistics Minor","B (2.4 to 3.3)","Yes"
"200","200","Female","Statistics Theory and Methods Specialist","C (1.4 to 2.3)","Yes"
"201","201","Female","Statistics Minor","B (2.4 to 3.3)","Yes"
"202","202","Female","Statistics Major","B (2.4 to 3.3)","Yes"
"203","203","Male","Statistics Major","D (0.7 to 1.3)","Yes"
"204","204","Female","Statistics Major","D (0.7 to 1.3)","Yes"
"205","205","Female","Statistics Major","B (2.4 to 3.3)","Yes"
"206","206","Female","Statistics Major","D (0.7 to 1.3)","Yes"
"207","207","Female","Actuarial Science Specialist","B (2.4 to 3.3)","No"
"208","208","Male","Statistics Major","A (3.4 to 4.0)","Yes"
"209","209","Male","Statistics Methods and Practice Specialist","C (1.4 to 2.3)","Yes"
"210","210","Female","Statistics Theory and Methods Specialist","D (0.7 to 1.3)","Yes"
"211","211","Male","Statistics Major","B (2.4 to 3.3)","No"
"212","212","Male","Statistics Major","C (1.4 to 2.3)","Yes"
"213","213","Female","Statistics Major","B (2.4 to 3.3)","Yes"
"214","214","Female","Statistics Major","D (0.7 to 1.3)","Yes"
"215","215","Male","Statistics Major","D (0.7 to 1.3)","Yes"
"216","216","Female","Statistics Major","A (3.4 to 4.0)","Yes"
"217","217","Male","Statistics Major","C (1.4 to 2.3)","No"
"218","218","Male","Actuarial Science Major","B (2.4 to 3.3)","Yes"
"219","219","Male","Statistics Major","D (0.7 to 1.3)","Yes"
"220","220","Male","Statistics Major","B (2.4 to 3.3)","Yes"
"221","221","Female","Statistics Major","D (0.7 to 1.3)","Yes"
"222","222","Male","Statistics Theory and Methods Specialist","D (0.7 to 1.3)","Yes"
"223","223","Male","Statistics Major","D (0.7 to 1.3)","Yes"
"224","224","Female","Statistics Major","C (1.4 to 2.3)","Yes"
"225","225","Female","Statistics Major","D (0.7 to 1.3)","Yes"
"226","226","Male","Statistics Minor","A (3.4 to 4.0)","Yes"
"227","227","Female","Data Science Specialist","B (2.4 to 3.3)","Yes"
"228","228","Female","Statistics Major","B (2.4 to 3.3)","Yes"
"229","229","Male","Statistics Major","B (2.4 to 3.3)","Yes"
"230","230","Male","Statistics Minor","C (1.4 to 2.3)","Yes"
"231","231","Female","Actuarial Science Major","C (1.4 to 2.3)","Yes"
"232","232","Female","Applied Statistics Specialist","C (1.4 to 2.3)","Yes"
"233","233","Male","Data Science Specialist","C (1.4 to 2.3)","Yes"
"234","234","Male","Actuarial Science Major","D (0.7 to 1.3)","Yes"
"235","235","Male","Statistics Major","D (0.7 to 1.3)","Yes"
"236","236","Male","Statistics Minor","C (1.4 to 2.3)","Yes"
"237","237","Male","Applied Statistics Specialist","C (1.4 to 2.3)","No"
"238","238","Female","Statistics Major","C (1.4 to 2.3)","Yes"
"239","239","Female","Statistics Major","A (3.4 to 4.0)","Yes"
"240","240","Male","Statistics Major","B (2.4 to 3.3)","No"
"241","241","Male","Statistics Major","D (0.7 to 1.3)","Yes"
"242","242","Female","Statistics Minor","D (0.7 to 1.3)","Yes"
"243","243","Female","Statistics Major","C (1.4 to 2.3)","Yes"
"244","244","Male","Actuarial Science Major","A (3.4 to 4.0)","Yes"
"245","245","Female","Statistics Major","C (1.4 to 2.3)","Yes"
"246","246","Male","Actuarial Science Major","C (1.4 to 2.3)","Yes"
"247","247","Female","Statistics Minor","D (0.7 to 1.3)","Yes"
"248","248","Female","Statistics Minor","B (2.4 to 3.3)","Yes"
"249","249","Male","Statistics Minor","C (1.4 to 2.3)","Yes"
"250","250","Female","Statistics Major","D (0.7 to 1.3)","No"
"251","251","Male","Statistics Major","B (2.4 to 3.3)","Yes"
"252","252","Female","Statistics Major","C (1.4 to 2.3)","Yes"
"253","253","Male","Statistics Major","B (2.4 to 3.3)","Yes"
"254","254","Male","Statistics Minor","C (1.4 to 2.3)","No"
"255","255","Male","Statistics Major","C (1.4 to 2.3)","No"
"256","256","Female","Actuarial Science Major","D (0.7 to 1.3)","Yes"
"257","257","Male","Statistics Major","D (0.7 to 1.3)","Yes"
"258","258","Female","Statistics Major","C (1.4 to 2.3)","Yes"
"259","259","Male","Statistics Major","A (3.4 to 4.0)","Yes"
"260","260","Female","Actuarial Science Major","D (0.7 to 1.3)","No"
"261","261","Male","Statistics Major","C (1.4 to 2.3)","Yes"
"262","262","Female","Actuarial Science Major","D (0.7 to 1.3)","Yes"
"263","263","Male","Statistics Major","B (2.4 to 3.3)","Yes"
"264","264","Male","Statistics Major","C (1.4 to 2.3)","Yes"
"265","265","Male","Statistics Minor","B (2.4 to 3.3)","Yes"
"266","266","Female","Statistics Theory and Methods Specialist","B (2.4 to 3.3)","Yes"
"267","267","Male","Applied Statistics Specialist","D (0.7 to 1.3)","Yes"
"268","268","Female","Statistics Minor","C (1.4 to 2.3)","Yes"
"269","269","Male","Statistics Minor","D (0.7 to 1.3)","Yes"
"270","270","Female","Statistics Major","D (0.7 to 1.3)","Yes"
"271","271","Male","Statistics Major","C (1.4 to 2.3)","Yes"
"272","272","Male","Statistics Major","B (2.4 to 3.3)","No"
"273","273","Male","Statistics Major","C (1.4 to 2.3)","Yes"
"274","274","Male","Statistics Major","B (2.4 to 3.3)","Yes"
"275","275","Male","Applied Statistics Specialist","C (1.4 to 2.3)","Yes"
"276","276","Male","Statistics Theory and Methods Specialist","C (1.4 to 2.3)","Yes"
"277","277","Female","Statistics Major","B (2.4 to 3.3)","Yes"
"278","278","Female","Statistics Major","B (2.4 to 3.3)","Yes"
"279","279","Male","Statistics Major","C (1.4 to 2.3)","No"
"280","280","Male","Statistics Minor","B (2.4 to 3.3)","Yes"
"281","281","Female","Statistics Theory and Methods Specialist","C (1.4 to 2.3)","Yes"
"282","282","Male","Actuarial Science Major","B (2.4 to 3.3)","Yes"
"283","283","Female","Statistics Major","B (2.4 to 3.3)","Yes"
"284","284","Female","Actuarial Science Major","C (1.4 to 2.3)","Yes"
"285","285","Female","Statistics Major","B (2.4 to 3.3)","Yes"
"286","286","Male","Statistics Major","C (1.4 to 2.3)","Yes"
"287","287","Female","Applied Statistics Specialist","A (3.4 to 4.0)","Yes"
"288","288","Female","Data Science Specialist","C (1.4 to 2.3)","No"
"289","289","Female","Data Science Specialist","D (0.7 to 1.3)","Yes"
"290","290","Male","Statistics Minor","A (3.4 to 4.0)","Yes"
"291","291","Male","Statistics Major","A (3.4 to 4.0)","Yes"
"292","292","Female","Actuarial Science Major","C (1.4 to 2.3)","Yes"
"293","293","Female","Statistics Minor","B (2.4 to 3.3)","Yes"
"294","294","Male","Statistics Major","A (3.4 to 4.0)","Yes"
"295","295","Male","Applied Statistics Specialist","D (0.7 to 1.3)","No"
"296","296","Male","Statistics Major","C (1.4 to 2.3)","Yes"
"297","297","Male","Actuarial Science Specialist","C (1.4 to 2.3)","Yes"
"298","298","Female","Statistics Theory and Methods Specialist","C (1.4 to 2.3)","Yes"
"299","299","Female","Statistics Major","B (2.4 to 3.3)","Yes"
"300","300","Female","Statistics Major","D (0.7 to 1.3)","Yes"
"301","301","Male","Statistics Theory and Methods Specialist","A (3.4 to 4.0)","Yes"
"302","302","Female","Statistics Major","C (1.4 to 2.3)","Yes"
"303","303","Female","Statistics Major","B (2.4 to 3.3)","Yes"
"304","304","Female","Data Science Specialist","C (1.4 to 2.3)","Yes"
"305","305","Female","Statistics Minor","C (1.4 to 2.3)","Yes"
"306","306","Female","Statistics Major","D (0.7 to 1.3)","No"
"307","307","Female","Statistics Minor","B (2.4 to 3.3)","Yes"
"308","308","Female","Statistics Minor","C (1.4 to 2.3)","Yes"
"309","309","Male","Statistics Minor","C (1.4 to 2.3)","Yes"
"310","310","Female","Statistics Minor","B (2.4 to 3.3)","Yes"
"311","311","Female","Statistics Major","A (3.4 to 4.0)","No"
"312","312","Female","Statistics Theory and Methods Specialist","C (1.4 to 2.3)","Yes"
"313","313","Male","Statistics Minor","D (0.7 to 1.3)","Yes"
"314","314","Male","Statistics Major","C (1.4 to 2.3)","Yes"
"315","315","Male","Statistics Major","A (3.4 to 4.0)","Yes"
"316","316","Male","Statistics Major","D (0.7 to 1.3)","No"
"317","317","Female","Statistics Major","C (1.4 to 2.3)","Yes"
"318","318","Female","Actuarial Science Major","D (0.7 to 1.3)","Yes"
"319","319","Male","Statistics Major","B (2.4 to 3.3)","Yes"
"320","320","Female","Statistics Major","C (1.4 to 2.3)","Yes"
"321","321","Male","Statistics Major","B (2.4 to 3.3)","No"
"322","322","Male","Actuarial Science Specialist","D (0.7 to 1.3)","Yes"
"323","323","Female","Statistics Minor","B (2.4 to 3.3)","Yes"
"324","324","Female","Statistics Major","C (1.4 to 2.3)","No"
"325","325","Male","Statistics Minor","D (0.7 to 1.3)","Yes"
"326","326","Female","Statistics Minor","B (2.4 to 3.3)","Yes"
"327","327","Male","Statistics Major","D (0.7 to 1.3)","Yes"
"328","328","Male","Statistics Minor","D (0.7 to 1.3)","Yes"
"329","329","Female","Actuarial Science Major","B (2.4 to 3.3)","No"
"330","330","Male","Statistics Major","D (0.7 to 1.3)","Yes"
"331","331","Female","Statistics Minor","D (0.7 to 1.3)","Yes"
"332","332","Male","Statistics Major","D (0.7 to 1.3)","No"
"333","333","Male","Statistics Major","B (2.4 to 3.3)","Yes"
"334","334","Male","Statistics Minor","B (2.4 to 3.3)","Yes"
"335","335","Female","Statistics Minor","B (2.4 to 3.3)","Yes"
"336","336","Male","Statistics Major","D (0.7 to 1.3)","Yes"
"337","337","Male","Data Science Specialist","D (0.7 to 1.3)","Yes"
"338","338","Male","Data Science Specialist","B (2.4 to 3.3)","Yes"
"339","339","Female","Statistics Theory and Methods Specialist","D (0.7 to 1.3)","Yes"
"340","340","Female","Statistics Major","D (0.7 to 1.3)","Yes"
"341","341","Female","Statistics Major","A (3.4 to 4.0)","Yes"
"342","342","Female","Statistics Minor","B (2.4 to 3.3)","Yes"
"343","343","Male","Statistics Major","D (0.7 to 1.3)","Yes"
"344","344","Female","Actuarial Science Specialist","D (0.7 to 1.3)","No"
"345","345","Female","Statistics Major","B (2.4 to 3.3)","Yes"
"346","346","Male","Statistics Major","C (1.4 to 2.3)","Yes"
"347","347","Male","Statistics Theory and Methods Specialist","C (1.4 to 2.3)","Yes"
"348","348","Male","Statistics Major","B (2.4 to 3.3)","Yes"
"349","349","Male","Statistics Theory and Methods Specialist","C (1.4 to 2.3)","No"
"350","350","Male","Statistics Methods and Practice Specialist","C (1.4 to 2.3)","Yes"
"351","351","Female","Statistics Theory and Methods Specialist","C (1.4 to 2.3)","Yes"
"352","352","Female","Statistics Major","B (2.4 to 3.3)","Yes"
"353","353","Female","Statistics Major","B (2.4 to 3.3)","Yes"
"354","354","Male","Statistics Minor","C (1.4 to 2.3)","Yes"
"355","355","Male","Statistics Major","D (0.7 to 1.3)","Yes"
"356","356","Male","Statistics Major","B (2.4 to 3.3)","Yes"
"357","357","Female","Statistics Major","B (2.4 to 3.3)","No"
"358","358","Female","Actuarial Science Specialist","A (3.4 to 4.0)","Yes"
"359","359","Male","Statistics Major","C (1.4 to 2.3)","Yes"
"360","360","Male","Statistics Major","A (3.4 to 4.0)","Yes"
"361","361","Male","Statistics Theory and Methods Specialist","D (0.7 to 1.3)","No"
"362","362","Male","Applied Statistics Specialist","A (3.4 to 4.0)","No"
"363","363","Female","Statistics Major","C (1.4 to 2.3)","Yes"
"364","364","Female","Statistics Minor","C (1.4 to 2.3)","Yes"
"365","365","Female","Actuarial Science Major","B (2.4 to 3.3)","Yes"
"366","366","Male","Statistics Minor","C (1.4 to 2.3)","Yes"
"367","367","Male","Statistics Minor","D (0.7 to 1.3)","Yes"
"368","368","Male","Statistics Theory and Methods Specialist","B (2.4 to 3.3)","No"
"369","369","Female","Statistics Major","A (3.4 to 4.0)","Yes"
"370","370","Male","Statistics Major","C (1.4 to 2.3)","Yes"
"371","371","Male","Statistics Minor","D (0.7 to 1.3)","Yes"
"372","372","Male","Actuarial Science Major","B (2.4 to 3.3)","No"
"373","373","Male","Statistics Major","C (1.4 to 2.3)","No"
"374","374","Female","Statistics Major","A (3.4 to 4.0)","Yes"
"375","375","Male","Statistics Major","D (0.7 to 1.3)","Yes"
"376","376","Male","Data Science Specialist","F (0.0 to 0.6)","Yes"
"377","377","Female","Statistics Major","B (2.4 to 3.3)","Yes"
"378","378","Male","Statistics Major","C (1.4 to 2.3)","Yes"
"379","379","Male","Statistics Major","C (1.4 to 2.3)","Yes"
"380","380","Male","Statistics Minor","D (0.7 to 1.3)","Yes"
"381","381","Male","Statistics Minor","B (2.4 to 3.3)","Yes"
"382","382","Male","Applied Statistics Specialist","A (3.4 to 4.0)","Yes"
"383","383","Female","Statistics Methods and Practice Specialist","C (1.4 to 2.3)","Yes"
"384","384","Female","Data Science Specialist","D (0.7 to 1.3)","No"
"385","385","Female","Statistics Theory and Methods Specialist","B (2.4 to 3.3)","Yes"
"386","386","Male","Statistics Major","C (1.4 to 2.3)","Yes"
"387","387","Male","Statistics Major","C (1.4 to 2.3)","Yes"
"388","388","Male","Statistics Minor","B (2.4 to 3.3)","Yes"
"389","389","Male","Statistics Major","C (1.4 to 2.3)","Yes"
"390","390","Female","Statistics Major","C (1.4 to 2.3)","Yes"
"391","391","Female","Actuarial Science Major","D (0.7 to 1.3)","Yes"
"392","392","Male","Actuarial Science Major","C (1.4 to 2.3)","Yes"
"393","393","Male","Statistics Major","C (1.4 to 2.3)","Yes"
"394","394","Male","Statistics Minor","C (1.4 to 2.3)","No"
"395","395","Female","Statistics Major","D (0.7 to 1.3)","Yes"
"396","396","Male","Statistics Major","C (1.4 to 2.3)","Yes"
"397","397","Male","Actuarial Science Specialist","C (1.4 to 2.3)","No"
"398","398","Female","Actuarial Science Major","D (0.7 to 1.3)","Yes"
"399","399","Male","Actuarial Science Major","B (2.4 to 3.3)","No"
"400","400","Male","Statistics Major","D (0.7 to 1.3)","Yes"
"401","401","Female","Statistics Minor","D (0.7 to 1.3)","Yes"
"402","402","Female","Statistics Major","C (1.4 to 2.3)","Yes"
"403","403","Male","Statistics Minor","C (1.4 to 2.3)","No"
"404","404","Female","Actuarial Science Major","B (2.4 to 3.3)","Yes"
"405","405","Male","Statistics Major","D (0.7 to 1.3)","Yes"
"406","406","Male","Statistics Minor","C (1.4 to 2.3)","Yes"
"407","407","Female","Statistics Major","C (1.4 to 2.3)","No"
"408","408","Female","Statistics Major","B (2.4 to 3.3)","Yes"
"409","409","Female","Statistics Major","B (2.4 to 3.3)","Yes"
"410","410","Male","Statistics Major","C (1.4 to 2.3)","Yes"
"411","411","Male","Actuarial Science Major","B (2.4 to 3.3)","Yes"
"412","412","Male","Statistics Major","D (0.7 to 1.3)","Yes"
"413","413","Female","Statistics Methods and Practice Specialist","C (1.4 to 2.3)","Yes"
"414","414","Male","Actuarial Science Specialist","D (0.7 to 1.3)","Yes"
"415","415","Male","Statistics Minor","C (1.4 to 2.3)","Yes"
"416","416","Female","Statistics Major","B (2.4 to 3.3)","Yes"
"417","417","Male","Statistics Minor","B (2.4 to 3.3)","Yes"
"418","418","Female","Statistics Major","D (0.7 to 1.3)","Yes"
"419","419","Female","Actuarial Science Major","B (2.4 to 3.3)","Yes"
"420","420","Female","Statistics Minor","D (0.7 to 1.3)","Yes"
"421","421","Male","Statistics Theory and Methods Specialist","B (2.4 to 3.3)","Yes"
"422","422","Male","Statistics Major","B (2.4 to 3.3)","Yes"
"423","423","Male","Applied Statistics Specialist","B (2.4 to 3.3)","Yes"
"424","424","Female","Actuarial Science Major","C (1.4 to 2.3)","Yes"
"425","425","Female","Statistics Major","A (3.4 to 4.0)","Yes"
"426","426","Male","Statistics Minor","D (0.7 to 1.3)","Yes"
"427","427","Male","Data Science Specialist","B (2.4 to 3.3)","Yes"
"428","428","Male","Statistics Major","B (2.4 to 3.3)","Yes"
"429","429","Female","Statistics Major","C (1.4 to 2.3)","Yes"
"430","430","Female","Statistics Major","C (1.4 to 2.3)","Yes"
"431","431","Female","Statistics Minor","A (3.4 to 4.0)","Yes"
"432","432","Male","Statistics Major","C (1.4 to 2.3)","Yes"
"433","433","Female","Actuarial Science Major","C (1.4 to 2.3)","Yes"
"434","434","Female","Statistics Major","C (1.4 to 2.3)","Yes"
"435","435","Male","Statistics Major","B (2.4 to 3.3)","Yes"
"436","436","Female","Statistics Major","C (1.4 to 2.3)","Yes"
"437","437","Male","Statistics Major","C (1.4 to 2.3)","Yes"
"438","438","Male","Actuarial Science Specialist","C (1.4 to 2.3)","Yes"
"439","439","Male","Statistics Major","B (2.4 to 3.3)","Yes"
"440","440","Female","Statistics Major","B (2.4 to 3.3)","Yes"
"441","441","Male","Statistics Major","D (0.7 to 1.3)","Yes"
"442","442","Female","Statistics Major","C (1.4 to 2.3)","Yes"
"443","443","Male","Statistics Major","A (3.4 to 4.0)","Yes"
"444","444","Male","Statistics Theory and Methods Specialist","C (1.4 to 2.3)","Yes"
"445","445","Female","Statistics Major","B (2.4 to 3.3)","Yes"
"446","446","Female","Statistics Minor","D (0.7 to 1.3)","No"
"447","447","Male","Statistics Minor","C (1.4 to 2.3)","Yes"
"448","448","Female","Statistics Major","B (2.4 to 3.3)","Yes"
"449","449","Male","Statistics Major","A (3.4 to 4.0)","Yes"
"450","450","Female","Statistics Major","D (0.7 to 1.3)","No"
"451","451","Female","Statistics Major","C (1.4 to 2.3)","Yes"
"452","452","Female","Statistics Minor","D (0.7 to 1.3)","Yes"
"453","453","Male","Statistics Minor","B (2.4 to 3.3)","Yes"
"454","454","Male","Statistics Minor","C (1.4 to 2.3)","Yes"
"455","455","Female","Applied Statistics Specialist","C (1.4 to 2.3)","Yes"
"456","456","Female","Statistics Theory and Methods Specialist","C (1.4 to 2.3)","Yes"
"457","457","Male","Statistics Major","C (1.4 to 2.3)","Yes"
"458","458","Female","Statistics Minor","D (0.7 to 1.3)","Yes"
"459","459","Female","Statistics Major","C (1.4 to 2.3)","Yes"
"460","460","Female","Statistics Minor","D (0.7 to 1.3)","Yes"
"461","461","Female","Statistics Major","D (0.7 to 1.3)","Yes"
"462","462","Female","Actuarial Science Major","B (2.4 to 3.3)","Yes"
"463","463","Male","Statistics Major","D (0.7 to 1.3)","Yes"
"464","464","Male","Statistics Major","C (1.4 to 2.3)","Yes"
"465","465","Female","Statistics Major","C (1.4 to 2.3)","Yes"
"466","466","Male","Statistics Minor","B (2.4 to 3.3)","Yes"
"467","467","Male","Statistics Minor","D (0.7 to 1.3)","Yes"
"468","468","Female","Statistics Major","C (1.4 to 2.3)","Yes"
"469","469","Female","Statistics Major","B (2.4 to 3.3)","Yes"
"470","470","Male","Statistics Major","D (0.7 to 1.3)","Yes"
"471","471","Female","Statistics Theory and Methods Specialist","A (3.4 to 4.0)","Yes"
"472","472","Female","Data Science Specialist","C (1.4 to 2.3)","Yes"
"473","473","Male","Statistics Major","C (1.4 to 2.3)","Yes"
"474","474","Male","Statistics Major","B (2.4 to 3.3)","Yes"
"475","475","Male","Actuarial Science Major","B (2.4 to 3.3)","No"
"476","476","Male","Statistics Methods and Practice Specialist","B (2.4 to 3.3)","No"
"477","477","Female","Statistics Minor","D (0.7 to 1.3)","No"
"478","478","Male","Statistics Major","D (0.7 to 1.3)","Yes"
"479","479","Female","Statistics Minor","A (3.4 to 4.0)","Yes"
"480","480","Female","Statistics Methods and Practice Specialist","B (2.4 to 3.3)","Yes"
"481","481","Male","Statistics Theory and Methods Specialist","A (3.4 to 4.0)","Yes"
"482","482","Female","Data Science Specialist","A (3.4 to 4.0)","Yes"
"483","483","Male","Statistics Minor","D (0.7 to 1.3)","No"
"484","484","Male","Statistics Major","D (0.7 to 1.3)","Yes"
"485","485","Female","Statistics Minor","C (1.4 to 2.3)","Yes"
"486","486","Male","Statistics Major","C (1.4 to 2.3)","Yes"
"487","487","Male","Statistics Methods and Practice Specialist","C (1.4 to 2.3)","Yes"
"488","488","Female","Statistics Major","D (0.7 to 1.3)","Yes"
"489","489","Female","Data Science Specialist","B (2.4 to 3.3)","No"
"490","490","Male","Actuarial Science Major","D (0.7 to 1.3)","Yes"
"491","491","Male","Statistics Minor","B (2.4 to 3.3)","Yes"
"492","492","Male","Actuarial Science Major","B (2.4 to 3.3)","Yes"
"493","493","Male","Actuarial Science Major","D (0.7 to 1.3)","Yes"
"494","494","Female","Statistics Major","A (3.4 to 4.0)","No"
"495","495","Female","Statistics Theory and Methods Specialist","C (1.4 to 2.3)","Yes"
"496","496","Female","Statistics Major","C (1.4 to 2.3)","No"
"497","497","Male","Data Science Specialist","A (3.4 to 4.0)","Yes"
"498","498","Female","Actuarial Science Specialist","C (1.4 to 2.3)","Yes"
"499","499","Female","Statistics Minor","D (0.7 to 1.3)","Yes"
"500","500","Male","Statistics Major","C (1.4 to 2.3)","Yes"
"501","501","Male","Statistics Minor","D (0.7 to 1.3)","Yes"
"502","502","Male","Statistics Major","B (2.4 to 3.3)","Yes"
"503","503","Male","Statistics Major","B (2.4 to 3.3)","Yes"
"504","504","Male","Data Science Specialist","D (0.7 to 1.3)","Yes"
"505","505","Male","Statistics Major","D (0.7 to 1.3)","Yes"
"506","506","Female","Statistics Major","C (1.4 to 2.3)","Yes"
"507","507","Male","Statistics Minor","C (1.4 to 2.3)","Yes"
"508","508","Male","Statistics Major","B (2.4 to 3.3)","Yes"
"509","509","Female","Statistics Methods and Practice Specialist","D (0.7 to 1.3)","Yes"
"510","510","Female","Statistics Major","C (1.4 to 2.3)","Yes"
"511","511","Female","Statistics Major","D (0.7 to 1.3)","Yes"
"512","512","Female","Statistics Major","C (1.4 to 2.3)","Yes"
"513","513","Female","Statistics Minor","B (2.4 to 3.3)","Yes"
"514","514","Male","Actuarial Science Major","C (1.4 to 2.3)","Yes"
"515","515","Male","Actuarial Science Specialist","A (3.4 to 4.0)","Yes"
"516","516","Female","Statistics Major","A (3.4 to 4.0)","Yes"
"517","517","Female","Statistics Major","D (0.7 to 1.3)","Yes"
"518","518","Male","Actuarial Science Major","D (0.7 to 1.3)","Yes"
"519","519","Male","Statistics Major","D (0.7 to 1.3)","No"
"520","520","Male","Statistics Minor","C (1.4 to 2.3)","Yes"
"521","521","Female","Statistics Minor","C (1.4 to 2.3)","Yes"
"522","522","Female","Statistics Major","C (1.4 to 2.3)","Yes"
"523","523","Male","Actuarial Science Specialist","B (2.4 to 3.3)","Yes"
"524","524","Male","Statistics Minor","C (1.4 to 2.3)","No"
"525","525","Male","Actuarial Science Specialist","D (0.7 to 1.3)","Yes"
"526","526","Male","Statistics Major","B (2.4 to 3.3)","Yes"
"527","527","Female","Statistics Theory and Methods Specialist","C (1.4 to 2.3)","No"
"528","528","Female","Statistics Major","B (2.4 to 3.3)","Yes"
"529","529","Male","Statistics Major","A (3.4 to 4.0)","Yes"
"530","530","Female","Statistics Major","D (0.7 to 1.3)","Yes"
"531","531","Male","Statistics Major","C (1.4 to 2.3)","Yes"
"532","532","Female","Actuarial Science Specialist","B (2.4 to 3.3)","Yes"
"533","533","Male","Statistics Major","B (2.4 to 3.3)","Yes"
"534","534","Female","Statistics Methods and Practice Specialist","C (1.4 to 2.3)","Yes"
"535","535","Male","Statistics Major","C (1.4 to 2.3)","Yes"
"536","536","Male","Statistics Major","C (1.4 to 2.3)","No"
"537","537","Male","Statistics Major","D (0.7 to 1.3)","Yes"
"538","538","Male","Statistics Major","D (0.7 to 1.3)","Yes"
"539","539","Female","Statistics Minor","D (0.7 to 1.3)","Yes"
"540","540","Female","Data Science Specialist","C (1.4 to 2.3)","Yes"
"541","541","Female","Statistics Minor","D (0.7 to 1.3)","Yes"
"542","542","Male","Actuarial Science Major","A (3.4 to 4.0)","No"
"543","543","Male","Statistics Major","C (1.4 to 2.3)","Yes"
"544","544","Male","Statistics Minor","B (2.4 to 3.3)","Yes"
"545","545","Female","Statistics Major","C (1.4 to 2.3)","No"
"546","546","Male","Statistics Major","C (1.4 to 2.3)","Yes"
"547","547","Female","Statistics Major","C (1.4 to 2.3)","Yes"
"548","548","Female","Statistics Methods and Practice Specialist","C (1.4 to 2.3)","Yes"
"549","549","Male","Actuarial Science Specialist","A (3.4 to 4.0)","Yes"
"550","550","Male","Statistics Major","C (1.4 to 2.3)","Yes"
"551","551","Male","Statistics Minor","C (1.4 to 2.3)","Yes"
"552","552","Male","Actuarial Science Specialist","B (2.4 to 3.3)","Yes"
"553","553","Female","Statistics Minor","D (0.7 to 1.3)","Yes"
"554","554","Female","Statistics Theory and Methods Specialist","B (2.4 to 3.3)","Yes"
"555","555","Male","Data Science Specialist","B (2.4 to 3.3)","No"
"556","556","Female","Statistics Minor","C (1.4 to 2.3)","No"
"557","557","Male","Statistics Major","A (3.4 to 4.0)","No"
"558","558","Female","Actuarial Science Major","D (0.7 to 1.3)","Yes"
"559","559","Female","Actuarial Science Major","D (0.7 to 1.3)","No"
"560","560","Female","Statistics Major","B (2.4 to 3.3)","Yes"
"561","561","Female","Actuarial Science Specialist","D (0.7 to 1.3)","Yes"
"562","562","Male","Statistics Major","D (0.7 to 1.3)","No"
"563","563","Female","Statistics Major","B (2.4 to 3.3)","Yes"
"564","564","Female","Data Science Specialist","D (0.7 to 1.3)","Yes"
"565","565","Male","Statistics Minor","C (1.4 to 2.3)","Yes"
"566","566","Male","Statistics Major","D (0.7 to 1.3)","Yes"
"567","567","Female","Statistics Major","C (1.4 to 2.3)","Yes"
"568","568","Male","Statistics Minor","D (0.7 to 1.3)","Yes"
"569","569","Male","Statistics Major","B (2.4 to 3.3)","Yes"
"570","570","Female","Statistics Minor","B (2.4 to 3.3)","Yes"
"571","571","Male","Statistics Minor","B (2.4 to 3.3)","Yes"
"572","572","Male","Statistics Major","B (2.4 to 3.3)","No"
"573","573","Female","Statistics Major","C (1.4 to 2.3)","Yes"
"574","574","Female","Data Science Specialist","D (0.7 to 1.3)","Yes"
"575","575","Male","Statistics Major","B (2.4 to 3.3)","Yes"
"576","576","Male","Statistics Major","B (2.4 to 3.3)","No"
"577","577","Male","Statistics Major","C (1.4 to 2.3)","Yes"
"578","578","Male","Actuarial Science Major","B (2.4 to 3.3)","Yes"
"579","579","Female","Statistics Minor","B (2.4 to 3.3)","Yes"
"580","580","Male","Statistics Minor","D (0.7 to 1.3)","No"
"581","581","Male","Data Science Specialist","C (1.4 to 2.3)","No"
"582","582","Male","Statistics Major","D (0.7 to 1.3)","No"
"583","583","Female","Statistics Minor","A (3.4 to 4.0)","Yes"
"584","584","Female","Statistics Major","D (0.7 to 1.3)","No"
"585","585","Male","Statistics Major","D (0.7 to 1.3)","Yes"
"586","586","Female","Data Science Specialist","D (0.7 to 1.3)","Yes"
"587","587","Female","Actuarial Science Specialist","C (1.4 to 2.3)","Yes"
"588","588","Male","Actuarial Science Major","C (1.4 to 2.3)","Yes"
"589","589","Male","Statistics Major","C (1.4 to 2.3)","Yes"
"590","590","Female","Actuarial Science Major","B (2.4 to 3.3)","Yes"
"591","591","Male","Statistics Major","A (3.4 to 4.0)","Yes"
"592","592","Male","Actuarial Science Major","C (1.4 to 2.3)","Yes"
"593","593","Male","Statistics Theory and Methods Specialist","F (0.0 to 0.6)","Yes"
"594","594","Male","Statistics Major","B (2.4 to 3.3)","Yes"
"595","595","Female","Data Science Specialist","C (1.4 to 2.3)","Yes"
"596","596","Male","Statistics Major","B (2.4 to 3.3)","Yes"
"597","597","Female","Statistics Minor","C (1.4 to 2.3)","Yes"
"598","598","Male","Statistics Minor","B (2.4 to 3.3)","Yes"
"599","599","Male","Statistics Major","C (1.4 to 2.3)","Yes"
"600","600","Male","Statistics Major","B (2.4 to 3.3)","Yes"
"601","601","Male","Statistics Methods and Practice Specialist","B (2.4 to 3.3)","Yes"
"602","602","Male","Statistics Minor","A (3.4 to 4.0)","Yes"
"603","603","Female","Statistics Major","B (2.4 to 3.3)","No"
"604","604","Male","Statistics Minor","D (0.7 to 1.3)","Yes"
"605","605","Male","Statistics Minor","C (1.4 to 2.3)","Yes"
"606","606","Female","Statistics Major","D (0.7 to 1.3)","Yes"
"607","607","Male","Statistics Theory and Methods Specialist","C (1.4 to 2.3)","Yes"
"608","608","Female","Statistics Major","D (0.7 to 1.3)","Yes"
"609","609","Female","Statistics Minor","D (0.7 to 1.3)","Yes"
"610","610","Female","Statistics Minor","B (2.4 to 3.3)","Yes"
"611","611","Male","Statistics Theory and Methods Specialist","B (2.4 to 3.3)","Yes"
"612","612","Female","Statistics Minor","D (0.7 to 1.3)","Yes"
"613","613","Male","Statistics Minor","B (2.4 to 3.3)","Yes"
"614","614","Male","Actuarial Science Major","B (2.4 to 3.3)","Yes"
"615","615","Female","Statistics Major","B (2.4 to 3.3)","Yes"
"616","616","Female","Statistics Major","D (0.7 to 1.3)","Yes"
"617","617","Male","Statistics Major","C (1.4 to 2.3)","Yes"
"618","618","Male","Statistics Major","A (3.4 to 4.0)","Yes"
"619","619","Female","Statistics Methods and Practice Specialist","D (0.7 to 1.3)","Yes"
"620","620","Female","Statistics Minor","D (0.7 to 1.3)","Yes"
"621","621","Male","Statistics Minor","B (2.4 to 3.3)","Yes"
"622","622","Male","Applied Statistics Specialist","D (0.7 to 1.3)","Yes"
"623","623","Female","Statistics Minor","A (3.4 to 4.0)","Yes"
"624","624","Male","Statistics Major","C (1.4 to 2.3)","Yes"
"625","625","Male","Statistics Major","D (0.7 to 1.3)","Yes"
"626","626","Female","Statistics Theory and Methods Specialist","C (1.4 to 2.3)","No"
"627","627","Male","Statistics Major","A (3.4 to 4.0)","Yes"
"628","628","Female","Statistics Major","B (2.4 to 3.3)","Yes"
"629","629","Female","Actuarial Science Major","B (2.4 to 3.3)","No"
"630","630","Male","Statistics Major","C (1.4 to 2.3)","Yes"
"631","631","Female","Statistics Minor","C (1.4 to 2.3)","Yes"
"632","632","Female","Statistics Major","D (0.7 to 1.3)","Yes"
"633","633","Male","Statistics Minor","D (0.7 to 1.3)","Yes"
"634","634","Female","Statistics Major","C (1.4 to 2.3)","Yes"
"635","635","Female","Statistics Major","B (2.4 to 3.3)","Yes"
"636","636","Male","Statistics Major","D (0.7 to 1.3)","Yes"
"637","637","Male","Statistics Major","C (1.4 to 2.3)","Yes"
"638","638","Male","Statistics Major","C (1.4 to 2.3)","Yes"
"639","639","Female","Statistics Major","B (2.4 to 3.3)","Yes"
"640","640","Male","Statistics Major","D (0.7 to 1.3)","Yes"
"641","641","Male","Statistics Theory and Methods Specialist","B (2.4 to 3.3)","Yes"
"642","642","Male","Actuarial Science Major","B (2.4 to 3.3)","Yes"
"643","643","Male","Statistics Minor","D (0.7 to 1.3)","Yes"
"644","644","Male","Applied Statistics Specialist","C (1.4 to 2.3)","No"
"645","645","Female","Statistics Major","C (1.4 to 2.3)","No"
"646","646","Male","Applied Statistics Specialist","C (1.4 to 2.3)","Yes"
"647","647","Male","Statistics Major","B (2.4 to 3.3)","Yes"
"648","648","Male","Statistics Methods and Practice Specialist","C (1.4 to 2.3)","Yes"
"649","649","Male","Statistics Major","C (1.4 to 2.3)","Yes"
"650","650","Male","Statistics Major","B (2.4 to 3.3)","Yes"
"651","651","Male","Statistics Minor","C (1.4 to 2.3)","Yes"
"652","652","Female","Statistics Methods and Practice Specialist","C (1.4 to 2.3)","Yes"
"653","653","Male","Statistics Major","C (1.4 to 2.3)","Yes"
"654","654","Female","Statistics Methods and Practice Specialist","C (1.4 to 2.3)","Yes"
"655","655","Female","Statistics Minor","C (1.4 to 2.3)","Yes"
"656","656","Male","Actuarial Science Specialist","B (2.4 to 3.3)","Yes"
"657","657","Female","Statistics Major","D (0.7 to 1.3)","Yes"
"658","658","Male","Statistics Major","D (0.7 to 1.3)","Yes"
"659","659","Male","Statistics Major","B (2.4 to 3.3)","No"
"660","660","Male","Statistics Minor","C (1.4 to 2.3)","Yes"
"661","661","Female","Actuarial Science Major","B (2.4 to 3.3)","Yes"
"662","662","Male","Statistics Major","C (1.4 to 2.3)","Yes"
"663","663","Female","Actuarial Science Specialist","C (1.4 to 2.3)","Yes"
"664","664","Female","Statistics Methods and Practice Specialist","B (2.4 to 3.3)","Yes"
"665","665","Female","Statistics Major","B (2.4 to 3.3)","Yes"
"666","666","Female","Statistics Major","B (2.4 to 3.3)","Yes"
"667","667","Female","Actuarial Science Major","D (0.7 to 1.3)","Yes"
"668","668","Female","Statistics Major","B (2.4 to 3.3)","Yes"
"669","669","Female","Statistics Major","D (0.7 to 1.3)","Yes"
"670","670","Female","Actuarial Science Specialist","D (0.7 to 1.3)","Yes"
"671","671","Male","Statistics Major","B (2.4 to 3.3)","Yes"
"672","672","Female","Statistics Major","C (1.4 to 2.3)","No"
"673","673","Male","Actuarial Science Major","B (2.4 to 3.3)","Yes"
"674","674","Male","Statistics Major","B (2.4 to 3.3)","Yes"
"675","675","Male","Statistics Major","D (0.7 to 1.3)","Yes"
"676","676","Female","Data Science Specialist","D (0.7 to 1.3)","Yes"
"677","677","Female","Statistics Minor","C (1.4 to 2.3)","Yes"
"678","678","Female","Statistics Major","C (1.4 to 2.3)","Yes"
"679","679","Male","Statistics Major","C (1.4 to 2.3)","Yes"
"680","680","Male","Statistics Minor","D (0.7 to 1.3)","Yes"
"681","681","Female","Statistics Major","D (0.7 to 1.3)","No"
"682","682","Female","Statistics Major","B (2.4 to 3.3)","No"
"683","683","Female","Statistics Major","B (2.4 to 3.3)","Yes"
"684","684","Male","Data Science Specialist","B (2.4 to 3.3)","Yes"
"685","685","Female","Statistics Minor","D (0.7 to 1.3)","No"
"686","686","Male","Data Science Specialist","A (3.4 to 4.0)","Yes"
"687","687","Female","Statistics Major","B (2.4 to 3.3)","Yes"
"688","688","Male","Statistics Methods and Practice Specialist","B (2.4 to 3.3)","No"
"689","689","Female","Statistics Major","C (1.4 to 2.3)","Yes"
"690","690","Female","Statistics Major","C (1.4 to 2.3)","Yes"
"691","691","Female","Statistics Methods and Practice Specialist","C (1.4 to 2.3)","Yes"
"692","692","Female","Statistics Major","D (0.7 to 1.3)","Yes"
"693","693","Male","Statistics Major","C (1.4 to 2.3)","Yes"
"694","694","Male","Statistics Major","C (1.4 to 2.3)","Yes"
"695","695","Female","Data Science Specialist","C (1.4 to 2.3)","Yes"
"696","696","Female","Statistics Major","B (2.4 to 3.3)","Yes"
"697","697","Male","Actuarial Science Major","C (1.4 to 2.3)","Yes"
"698","698","Female","Statistics Major","A (3.4 to 4.0)","Yes"
"699","699","Female","Statistics Major","B (2.4 to 3.3)","No"
"700","700","Male","Statistics Minor","C (1.4 to 2.3)","Yes"
"701","701","Male","Statistics Minor","D (0.7 to 1.3)","No"
"702","702","Female","Statistics Minor","D (0.7 to 1.3)","Yes"
"703","703","Female","Data Science Specialist","B (2.4 to 3.3)","Yes"
"704","704","Male","Statistics Major","D (0.7 to 1.3)","Yes"
"705","705","Male","Statistics Methods and Practice Specialist","D (0.7 to 1.3)","No"
"706","706","Female","Statistics Major","D (0.7 to 1.3)","Yes"
"707","707","Male","Data Science Specialist","B (2.4 to 3.3)","Yes"
"708","708","Male","Statistics Minor","D (0.7 to 1.3)","Yes"
"709","709","Female","Statistics Major","C (1.4 to 2.3)","Yes"
"710","710","Male","Statistics Major","C (1.4 to 2.3)","No"
"711","711","Male","Statistics Minor","D (0.7 to 1.3)","Yes"
"712","712","Female","Actuarial Science Major","B (2.4 to 3.3)","Yes"
"713","713","Female","Statistics Major","B (2.4 to 3.3)","Yes"
"714","714","Female","Statistics Major","B (2.4 to 3.3)","Yes"
"715","715","Male","Applied Statistics Specialist","D (0.7 to 1.3)","Yes"
"716","716","Female","Actuarial Science Specialist","B (2.4 to 3.3)","Yes"
"717","717","Female","Statistics Minor","C (1.4 to 2.3)","Yes"
"718","718","Female","Applied Statistics Specialist","D (0.7 to 1.3)","No"
"719","719","Female","Statistics Major","D (0.7 to 1.3)","No"
"720","720","Female","Data Science Specialist","C (1.4 to 2.3)","Yes"
"721","721","Female","Statistics Major","A (3.4 to 4.0)","Yes"
"722","722","Female","Statistics Methods and Practice Specialist","B (2.4 to 3.3)","Yes"
"723","723","Male","Data Science Specialist","D (0.7 to 1.3)","Yes"
"724","724","Female","Statistics Minor","C (1.4 to 2.3)","No"
"725","725","Male","Statistics Major","D (0.7 to 1.3)","Yes"
"726","726","Female","Applied Statistics Specialist","B (2.4 to 3.3)","Yes"
"727","727","Male","Statistics Major","D (0.7 to 1.3)","Yes"
"728","728","Male","Actuarial Science Specialist","C (1.4 to 2.3)","Yes"
"729","729","Male","Statistics Minor","B (2.4 to 3.3)","Yes"
"730","730","Female","Statistics Major","C (1.4 to 2.3)","No"
"731","731","Male","Statistics Minor","B (2.4 to 3.3)","Yes"
"732","732","Female","Statistics Major","C (1.4 to 2.3)","Yes"
"733","733","Female","Statistics Major","B (2.4 to 3.3)","Yes"
"734","734","Female","Statistics Major","D (0.7 to 1.3)","Yes"
"735","735","Female","Statistics Major","D (0.7 to 1.3)","Yes"
"736","736","Female","Statistics Major","D (0.7 to 1.3)","No"
"737","737","Female","Statistics Major","A (3.4 to 4.0)","Yes"
"738","738","Male","Statistics Major","D (0.7 to 1.3)","Yes"
"739","739","Female","Statistics Major","B (2.4 to 3.3)","Yes"
"740","740","Male","Statistics Methods and Practice Specialist","B (2.4 to 3.3)","Yes"
"741","741","Male","Statistics Major","C (1.4 to 2.3)","Yes"
"742","742","Female","Statistics Major","C (1.4 to 2.3)","No"
"743","743","Female","Statistics Major","D (0.7 to 1.3)","Yes"
"744","744","Male","Statistics Major","C (1.4 to 2.3)","No"
"745","745","Male","Actuarial Science Major","A (3.4 to 4.0)","Yes"
"746","746","Female","Statistics Major","C (1.4 to 2.3)","Yes"
"747","747","Male","Statistics Major","A (3.4 to 4.0)","Yes"
"748","748","Female","Statistics Major","C (1.4 to 2.3)","Yes"
"749","749","Male","Statistics Minor","B (2.4 to 3.3)","Yes"
"750","750","Female","Statistics Major","C (1.4 to 2.3)","No"
"751","751","Male","Statistics Major","B (2.4 to 3.3)","No"
"752","752","Male","Data Science Specialist","A (3.4 to 4.0)","Yes"
"753","753","Female","Statistics Major","A (3.4 to 4.0)","Yes"
"754","754","Female","Statistics Major","B (2.4 to 3.3)","No"
"755","755","Male","Statistics Major","B (2.4 to 3.3)","Yes"
"756","756","Male","Statistics Major","C (1.4 to 2.3)","Yes"
"757","757","Female","Statistics Major","A (3.4 to 4.0)","No"
"758","758","Female","Statistics Methods and Practice Specialist","C (1.4 to 2.3)","Yes"
"759","759","Female","Statistics Major","D (0.7 to 1.3)","Yes"
"760","760","Male","Statistics Major","C (1.4 to 2.3)","Yes"
"761","761","Male","Statistics Major","C (1.4 to 2.3)","No"
"762","762","Female","Statistics Major","C (1.4 to 2.3)","Yes"
"763","763","Female","Statistics Major","C (1.4 to 2.3)","Yes"
"764","764","Male","Statistics Minor","D (0.7 to 1.3)","Yes"
"765","765","Female","Statistics Methods and Practice Specialist","C (1.4 to 2.3)","Yes"
"766","766","Female","Statistics Methods and Practice Specialist","B (2.4 to 3.3)","No"
"767","767","Female","Statistics Major","C (1.4 to 2.3)","Yes"
"768","768","Female","Statistics Major","C (1.4 to 2.3)","No"
"769","769","Female","Statistics Minor","B (2.4 to 3.3)","Yes"
"770","770","Female","Statistics Theory and Methods Specialist","B (2.4 to 3.3)","Yes"
"771","771","Male","Statistics Major","B (2.4 to 3.3)","No"
"772","772","Female","Actuarial Science Major","D (0.7 to 1.3)","Yes"
"773","773","Female","Statistics Major","D (0.7 to 1.3)","Yes"
"774","774","Male","Actuarial Science Specialist","B (2.4 to 3.3)","Yes"
"775","775","Male","Statistics Major","D (0.7 to 1.3)","No"
"776","776","Male","Statistics Major","D (0.7 to 1.3)","No"
"777","777","Female","Statistics Major","C (1.4 to 2.3)","Yes"
"778","778","Female","Statistics Minor","D (0.7 to 1.3)","Yes"
"779","779","Male","Data Science Specialist","D (0.7 to 1.3)","Yes"
"780","780","Male","Statistics Theory and Methods Specialist","D (0.7 to 1.3)","No"
"781","781","Male","Statistics Major","F (0.0 to 0.6)","Yes"
"782","782","Male","Statistics Major","C (1.4 to 2.3)","Yes"
"783","783","Male","Statistics Minor","D (0.7 to 1.3)","Yes"
"784","784","Male","Statistics Major","B (2.4 to 3.3)","Yes"
"785","785","Male","Statistics Major","D (0.7 to 1.3)","No"
"786","786","Female","Statistics Major","B (2.4 to 3.3)","Yes"
"787","787","Female","Statistics Minor","A (3.4 to 4.0)","Yes"
"788","788","Male","Actuarial Science Major","D (0.7 to 1.3)","Yes"
"789","789","Male","Statistics Major","D (0.7 to 1.3)","Yes"
"790","790","Male","Statistics Major","D (0.7 to 1.3)","Yes"
"791","791","Female","Statistics Minor","D (0.7 to 1.3)","Yes"
"792","792","Male","Statistics Minor","B (2.4 to 3.3)","Yes"
"793","793","Male","Statistics Minor","C (1.4 to 2.3)","Yes"
"794","794","Male","Statistics Major","C (1.4 to 2.3)","Yes"
"795","795","Female","Actuarial Science Specialist","B (2.4 to 3.3)","Yes"
"796","796","Male","Statistics Minor","B (2.4 to 3.3)","Yes"
"797","797","Female","Statistics Minor","D (0.7 to 1.3)","Yes"
"798","798","Male","Statistics Major","B (2.4 to 3.3)","Yes"
"799","799","Male","Statistics Major","D (0.7 to 1.3)","Yes"
"800","800","Male","Statistics Minor","D (0.7 to 1.3)","Yes"
"801","801","Male","Statistics Minor","C (1.4 to 2.3)","Yes"
"802","802","Female","Statistics Major","C (1.4 to 2.3)","Yes"
"803","803","Female","Statistics Major","B (2.4 to 3.3)","Yes"
"804","804","Male","Statistics Major","D (0.7 to 1.3)","Yes"
"805","805","Male","Statistics Major","D (0.7 to 1.3)","Yes"
"806","806","Male","Data Science Specialist","B (2.4 to 3.3)","Yes"
"807","807","Male","Statistics Theory and Methods Specialist","C (1.4 to 2.3)","No"
"808","808","Female","Statistics Major","D (0.7 to 1.3)","Yes"
"809","809","Male","Statistics Methods and Practice Specialist","B (2.4 to 3.3)","Yes"
"810","810","Male","Statistics Major","C (1.4 to 2.3)","Yes"
"811","811","Female","Statistics Major","A (3.4 to 4.0)","Yes"
"812","812","Male","Statistics Major","B (2.4 to 3.3)","Yes"
"813","813","Female","Statistics Major","D (0.7 to 1.3)","No"
"814","814","Female","Statistics Major","C (1.4 to 2.3)","No"
"815","815","Female","Statistics Minor","C (1.4 to 2.3)","Yes"
"816","816","Male","Statistics Major","C (1.4 to 2.3)","Yes"
"817","817","Male","Statistics Major","A (3.4 to 4.0)","Yes"
"818","818","Female","Data Science Specialist","C (1.4 to 2.3)","No"
"819","819","Male","Statistics Major","C (1.4 to 2.3)","Yes"
"820","820","Male","Statistics Major","D (0.7 to 1.3)","Yes"
"821","821","Female","Data Science Specialist","C (1.4 to 2.3)","Yes"
"822","822","Male","Statistics Minor","B (2.4 to 3.3)","Yes"
"823","823","Male","Statistics Major","D (0.7 to 1.3)","Yes"
"824","824","Male","Actuarial Science Major","B (2.4 to 3.3)","Yes"
"825","825","Female","Actuarial Science Major","C (1.4 to 2.3)","Yes"
"826","826","Male","Actuarial Science Major","A (3.4 to 4.0)","Yes"
"827","827","Female","Statistics Major","A (3.4 to 4.0)","Yes"
"828","828","Male","Statistics Major","B (2.4 to 3.3)","No"
"829","829","Male","Statistics Minor","B (2.4 to 3.3)","Yes"
"830","830","Male","Actuarial Science Major","B (2.4 to 3.3)","Yes"
"831","831","Female","Statistics Major","A (3.4 to 4.0)","Yes"
"832","832","Female","Statistics Theory and Methods Specialist","A (3.4 to 4.0)","Yes"
"833","833","Male","Statistics Major","C (1.4 to 2.3)","Yes"
"834","834","Male","Statistics Major","D (0.7 to 1.3)","Yes"
"835","835","Female","Statistics Major","A (3.4 to 4.0)","Yes"
"836","836","Female","Statistics Major","C (1.4 to 2.3)","Yes"
"837","837","Male","Actuarial Science Major","A (3.4 to 4.0)","Yes"
"838","838","Female","Actuarial Science Major","D (0.7 to 1.3)","Yes"
"839","839","Female","Statistics Major","C (1.4 to 2.3)","Yes"
"840","840","Male","Statistics Methods and Practice Specialist","D (0.7 to 1.3)","Yes"
"841","841","Male","Statistics Major","B (2.4 to 3.3)","Yes"
"842","842","Female","Statistics Major","B (2.4 to 3.3)","Yes"
"843","843","Male","Actuarial Science Major","B (2.4 to 3.3)","Yes"
"844","844","Male","Statistics Major","D (0.7 to 1.3)","Yes"
"845","845","Female","Statistics Major","C (1.4 to 2.3)","Yes"
"846","846","Male","Statistics Minor","F (0.0 to 0.6)","Yes"
"847","847","Male","Statistics Major","D (0.7 to 1.3)","Yes"
"848","848","Male","Statistics Minor","B (2.4 to 3.3)","Yes"
"849","849","Male","Actuarial Science Specialist","C (1.4 to 2.3)","Yes"
"850","850","Male","Statistics Major","D (0.7 to 1.3)","Yes"
